assignee_id,priority,status
DEMO_EMP_003,Medium,Resolved
DEMO_EMP_024,High,Resolved
DEMO_EMP_020,High,Open
DEMO_EMP_014,High,Resolved
DEMO_EMP_013,Critical,Resolved
DEMO_EMP_026,High,Resolved
DEMO_EMP_003,High,Open
DEMO_EMP_021,Low,Resolved
DEMO_EMP_007,High,Resolved
DEMO_EMP_003,Medium,Open
DEMO_EMP_016,Medium,In Progress
DEMO_EMP_030,Medium,Resolved
DEMO_EMP_023,Critical,Resolved
DEMO_EMP_023,Critical,In Progress
DEMO_EMP_022,Medium,Resolved
DEMO_EMP_024,High,Resolved
DEMO_EMP_016,High,Resolved
DEMO_EMP_004,Medium,Resolved
DEMO_EMP_026,Low,Resolved
DEMO_EMP_014,Low,Resolved
DEMO_EMP_016,High,Resolved
DEMO_EMP_012,Medium,Resolved
DEMO_EMP_006,Critical,Resolved
DEMO_EMP_028,Medium,Resolved
DEMO_EMP_024,Critical,Resolved
DEMO_EMP_020,Medium,Open
DEMO_EMP_013,High,Resolved
DEMO_EMP_025,Low,Resolved
DEMO_EMP_017,Medium,Resolved
DEMO_EMP_014,High,Resolved
DEMO_EMP_014,Critical,Resolved
DEMO_EMP_007,High,Resolved
DEMO_EMP_003,Low,Resolved
DEMO_EMP_017,Medium,In Progress
DEMO_EMP_027,Low,In Progress
DEMO_EMP_002,Low,Open
DEMO_EMP_026,Medium,Open
DEMO_EMP_025,High,Resolved
DEMO_EMP_009,High,Resolved
DEMO_EMP_019,High,Resolved
DEMO_EMP_005,High,Open
DEMO_EMP_023,High,Resolved
DEMO_EMP_022,Low,In Progress
DEMO_EMP_011,Medium,Resolved
DEMO_EMP_003,Medium,In Progress
DEMO_EMP_030,High,Resolved
DEMO_EMP_014,Low,In Progress
DEMO_EMP_027,Medium,Resolved
DEMO_EMP_021,Medium,Resolved
DEMO_EMP_024,Low,Resolved
DEMO_EMP_023,Medium,In Progress
DEMO_EMP_006,High,Resolved
DEMO_EMP_011,Medium,Resolved
DEMO_EMP_015,Medium,Resolved
DEMO_EMP_015,High,Resolved
DEMO_EMP_002,Medium,Resolved
DEMO_EMP_017,High,In Progress
DEMO_EMP_005,Medium,In Progress
DEMO_EMP_023,Medium,In Progress
DEMO_EMP_021,Medium,In Progress
DEMO_EMP_028,Medium,Resolved
DEMO_EMP_023,High,Resolved
DEMO_EMP_011,Low,Resolved
DEMO_EMP_030,Low,Resolved
DEMO_EMP_013,Medium,Resolved
DEMO_EMP_010,High,Resolved
DEMO_EMP_028,High,Resolved
DEMO_EMP_012,Critical,In Progress
DEMO_EMP_003,Medium,Resolved
DEMO_EMP_015,Medium,Resolved
DEMO_EMP_024,Low,In Progress
DEMO_EMP_006,Medium,Resolved
DEMO_EMP_014,Critical,Resolved
DEMO_EMP_004,High,Resolved
DEMO_EMP_021,Medium,Resolved
DEMO_EMP_015,Medium,Resolved
DEMO_EMP_010,High,In Progress
DEMO_EMP_007,Medium,In Progress
DEMO_EMP_017,Low,Resolved
DEMO_EMP_021,Medium,Resolved
DEMO_EMP_029,Low,Resolved
DEMO_EMP_014,Medium,Resolved
DEMO_EMP_005,Low,Resolved
DEMO_EMP_025,Medium,Resolved
DEMO_EMP_019,Medium,In Progress
DEMO_EMP_022,Medium,In Progress
DEMO_EMP_003,Medium,Open
DEMO_EMP_010,Critical,In Progress
DEMO_EMP_024,High,Resolved
DEMO_EMP_025,Medium,Resolved
DEMO_EMP_014,Medium,In Progress
DEMO_EMP_025,High,Resolved
DEMO_EMP_026,Medium,Resolved
DEMO_EMP_012,Medium,Open
DEMO_EMP_027,High,In Progress
DEMO_EMP_009,Medium,In Progress
DEMO_EMP_008,High,Resolved
DEMO_EMP_021,Medium,In Progress
DEMO_EMP_020,Medium,Open
DEMO_EMP_005,Medium,Open
DEMO_EMP_025,Medium,Resolved
DEMO_EMP_006,Medium,Open
DEMO_EMP_025,Low,Resolved
DEMO_EMP_001,High,In Progress
DEMO_EMP_024,Medium,Resolved
DEMO_EMP_024,Medium,Resolved
DEMO_EMP_024,High,Resolved
DEMO_EMP_020,High,Open
DEMO_EMP_015,Medium,Resolved
DEMO_EMP_022,Medium,Resolved
DEMO_EMP_009,Critical,Open
DEMO_EMP_024,Medium,In Progress
DEMO_EMP_017,High,Resolved
DEMO_EMP_014,High,Resolved
DEMO_EMP_016,High,In Progress
DEMO_EMP_018,Low,In Progress
DEMO_EMP_002,Medium,Resolved
DEMO_EMP_005,Low,Resolved
DEMO_EMP_008,Medium,Resolved
DEMO_EMP_004,Critical,Resolved
DEMO_EMP_014,Medium,Resolved
DEMO_EMP_021,Medium,In Progress
DEMO_EMP_020,Low,Resolved
DEMO_EMP_015,Critical,In Progress
DEMO_EMP_026,Low,In Progress
DEMO_EMP_017,Low,Open
DEMO_EMP_003,Medium,In Progress
DEMO_EMP_023,Low,Resolved
DEMO_EMP_018,Medium,Open
DEMO_EMP_020,Medium,Resolved
DEMO_EMP_017,Medium,Resolved
DEMO_EMP_017,Low,Resolved
DEMO_EMP_003,Low,Resolved
DEMO_EMP_017,Medium,Resolved
DEMO_EMP_024,Low,Resolved
DEMO_EMP_010,Medium,Open
DEMO_EMP_019,Medium,Resolved
DEMO_EMP_001,Medium,Resolved
DEMO_EMP_011,Medium,In Progress
DEMO_EMP_014,Medium,Open
DEMO_EMP_030,Low,In Progress
DEMO_EMP_007,Low,Resolved
DEMO_EMP_009,High,Resolved
DEMO_EMP_013,Low,In Progress
DEMO_EMP_030,Medium,Resolved
DEMO_EMP_026,Medium,Resolved
DEMO_EMP_002,Medium,In Progress
DEMO_EMP_008,Medium,Resolved
DEMO_EMP_025,High,Open
DEMO_EMP_002,High,Resolved
DEMO_EMP_026,Medium,Resolved
DEMO_EMP_009,Medium,Open
DEMO_EMP_028,Medium,Resolved
DEMO_EMP_009,Medium,Resolved
DEMO_EMP_014,Medium,Resolved
DEMO_EMP_020,Medium,Resolved
DEMO_EMP_004,Medium,Resolved
DEMO_EMP_017,Critical,Open
DEMO_EMP_016,Low,Resolved
DEMO_EMP_024,Medium,Resolved
DEMO_EMP_030,High,Resolved
DEMO_EMP_020,Low,Resolved
DEMO_EMP_013,Low,Resolved
DEMO_EMP_013,Low,In Progress
DEMO_EMP_013,High,Resolved
DEMO_EMP_025,Low,Open
DEMO_EMP_010,Low,Resolved
DEMO_EMP_006,Low,Resolved
DEMO_EMP_011,Low,Resolved
DEMO_EMP_001,Medium,Resolved
DEMO_EMP_004,Medium,In Progress
DEMO_EMP_003,Medium,Resolved
DEMO_EMP_024,Medium,Resolved
DEMO_EMP_022,High,In Progress
DEMO_EMP_021,Low,In Progress
DEMO_EMP_014,High,In Progress
DEMO_EMP_022,Medium,Resolved
DEMO_EMP_005,Low,Resolved
DEMO_EMP_028,High,Resolved
DEMO_EMP_016,High,In Progress
DEMO_EMP_029,Medium,Resolved
DEMO_EMP_005,High,In Progress
DEMO_EMP_015,Medium,Resolved
DEMO_EMP_021,Medium,In Progress
DEMO_EMP_015,Critical,Resolved
DEMO_EMP_014,Medium,Resolved
DEMO_EMP_005,High,In Progress
DEMO_EMP_012,Medium,Resolved
DEMO_EMP_008,High,Resolved
DEMO_EMP_010,Medium,In Progress
DEMO_EMP_021,Medium,Open
DEMO_EMP_019,Medium,Resolved
DEMO_EMP_019,Medium,In Progress
DEMO_EMP_011,Low,Open
DEMO_EMP_029,Low,Resolved
DEMO_EMP_003,Medium,Resolved
DEMO_EMP_011,Low,In Progress
DEMO_EMP_004,Low,In Progress
DEMO_EMP_011,High,Resolved
DEMO_EMP_029,High,Resolved
DEMO_EMP_011,High,Resolved
DEMO_EMP_028,Medium,Resolved
DEMO_EMP_015,High,Resolved
DEMO_EMP_021,Medium,Resolved
DEMO_EMP_014,Low,Open
DEMO_EMP_008,Low,Resolved
DEMO_EMP_023,Medium,Resolved
DEMO_EMP_030,Low,Open
DEMO_EMP_008,Medium,In Progress
DEMO_EMP_024,Critical,Resolved
DEMO_EMP_008,Low,Open
DEMO_EMP_022,Low,In Progress
DEMO_EMP_024,Critical,Open
DEMO_EMP_014,Medium,Resolved
DEMO_EMP_023,Low,Resolved
DEMO_EMP_009,High,Resolved
DEMO_EMP_003,High,In Progress
DEMO_EMP_003,Medium,Open
DEMO_EMP_014,Medium,Resolved
DEMO_EMP_028,Medium,In Progress
DEMO_EMP_004,Low,Resolved
DEMO_EMP_014,Medium,Open
DEMO_EMP_022,Medium,Open
DEMO_EMP_007,Medium,In Progress
DEMO_EMP_022,High,Resolved
DEMO_EMP_010,Low,In Progress
DEMO_EMP_025,Medium,Resolved
DEMO_EMP_018,Medium,In Progress
DEMO_EMP_017,High,Resolved
DEMO_EMP_006,Medium,Resolved
DEMO_EMP_014,Medium,Open
DEMO_EMP_026,Medium,Resolved
DEMO_EMP_001,Medium,In Progress
DEMO_EMP_023,Medium,Resolved
DEMO_EMP_015,High,Open
DEMO_EMP_022,Medium,Resolved
DEMO_EMP_020,High,Resolved
DEMO_EMP_013,Critical,Open
DEMO_EMP_010,Medium,Resolved
DEMO_EMP_019,Medium,Resolved
DEMO_EMP_005,Low,In Progress
DEMO_EMP_018,High,Resolved
DEMO_EMP_003,Medium,Resolved
DEMO_EMP_020,Medium,Resolved
DEMO_EMP_019,Low,Resolved
DEMO_EMP_003,High,Open
DEMO_EMP_023,Medium,Resolved
DEMO_EMP_013,Medium,Resolved
DEMO_EMP_024,Low,Open
DEMO_EMP_002,Critical,In Progress
DEMO_EMP_006,Low,Resolved
DEMO_EMP_015,Low,Open
DEMO_EMP_006,High,Resolved
DEMO_EMP_010,High,Resolved
DEMO_EMP_020,Medium,In Progress
DEMO_EMP_005,Medium,Resolved
DEMO_EMP_021,High,Resolved
DEMO_EMP_004,High,Resolved
DEMO_EMP_006,Medium,Open
DEMO_EMP_018,Medium,Open
DEMO_EMP_024,High,Resolved
DEMO_EMP_006,High,In Progress
DEMO_EMP_009,High,Resolved
DEMO_EMP_028,Medium,Open
DEMO_EMP_030,Low,Resolved
DEMO_EMP_018,High,Resolved
DEMO_EMP_014,High,Resolved
DEMO_EMP_011,High,Resolved
DEMO_EMP_019,Low,In Progress
DEMO_EMP_018,Medium,Resolved
DEMO_EMP_009,High,Resolved
DEMO_EMP_001,Low,Resolved
DEMO_EMP_005,Critical,In Progress
DEMO_EMP_029,Medium,Resolved
DEMO_EMP_013,High,In Progress
DEMO_EMP_015,High,Resolved
DEMO_EMP_015,Medium,Resolved
DEMO_EMP_024,Medium,In Progress
DEMO_EMP_002,Medium,In Progress
DEMO_EMP_003,Medium,Open
DEMO_EMP_009,Medium,In Progress
DEMO_EMP_015,Medium,In Progress
DEMO_EMP_021,Critical,Resolved
DEMO_EMP_015,Medium,In Progress
DEMO_EMP_014,Low,Resolved
DEMO_EMP_029,Medium,In Progress
DEMO_EMP_005,Medium,In Progress
DEMO_EMP_018,Low,In Progress
DEMO_EMP_017,Low,Resolved
DEMO_EMP_015,Medium,Resolved
DEMO_EMP_025,Medium,In Progress
DEMO_EMP_009,Critical,Resolved
DEMO_EMP_029,Medium,Resolved
DEMO_EMP_010,Low,In Progress
DEMO_EMP_017,High,Resolved
DEMO_EMP_016,High,In Progress
DEMO_EMP_026,Medium,Open
DEMO_EMP_014,Medium,Resolved
DEMO_EMP_009,Low,Open
DEMO_EMP_001,Medium,In Progress
DEMO_EMP_011,Medium,Resolved
DEMO_EMP_025,Medium,Open
DEMO_EMP_001,Low,Resolved
DEMO_EMP_027,Medium,Resolved
DEMO_EMP_017,Critical,Resolved
DEMO_EMP_005,Medium,Resolved
DEMO_EMP_010,Medium,Resolved
DEMO_EMP_017,Low,Resolved
DEMO_EMP_010,Medium,In Progress
DEMO_EMP_004,Medium,In Progress
DEMO_EMP_020,High,Resolved
DEMO_EMP_021,High,Resolved
DEMO_EMP_004,High,In Progress
DEMO_EMP_009,Critical,Resolved
DEMO_EMP_008,Critical,Open
DEMO_EMP_020,Critical,Resolved
DEMO_EMP_022,Low,In Progress
DEMO_EMP_022,Low,Open
DEMO_EMP_029,Medium,Open
DEMO_EMP_024,Medium,In Progress
DEMO_EMP_010,Low,In Progress
DEMO_EMP_004,High,Open
DEMO_EMP_019,Medium,In Progress
DEMO_EMP_028,Medium,In Progress
DEMO_EMP_030,Low,In Progress
DEMO_EMP_007,Medium,In Progress
DEMO_EMP_008,Low,In Progress
DEMO_EMP_002,High,In Progress
DEMO_EMP_005,Medium,Open
DEMO_EMP_017,High,Open
DEMO_EMP_017,Medium,In Progress
DEMO_EMP_012,Medium,Resolved
DEMO_EMP_010,Medium,Resolved
DEMO_EMP_025,High,Resolved
DEMO_EMP_014,High,Resolved
DEMO_EMP_025,Medium,Resolved
DEMO_EMP_029,Critical,In Progress
DEMO_EMP_010,Low,Resolved
DEMO_EMP_007,High,Resolved
DEMO_EMP_029,Low,Resolved
DEMO_EMP_020,Medium,Resolved
DEMO_EMP_009,High,Resolved
DEMO_EMP_019,Low,Resolved
DEMO_EMP_016,Medium,Resolved
DEMO_EMP_028,Medium,In Progress
DEMO_EMP_008,Medium,Resolved
DEMO_EMP_030,High,Open
DEMO_EMP_029,High,Resolved
DEMO_EMP_006,High,Resolved
DEMO_EMP_005,Medium,Open
DEMO_EMP_016,Medium,Resolved
DEMO_EMP_002,Medium,Open
DEMO_EMP_009,Medium,Resolved
DEMO_EMP_014,Low,Resolved
DEMO_EMP_030,Critical,Resolved
DEMO_EMP_030,High,Resolved
DEMO_EMP_005,High,Open
DEMO_EMP_027,Medium,In Progress
DEMO_EMP_003,Medium,Resolved
DEMO_EMP_023,Medium,Open
DEMO_EMP_026,Medium,Resolved
DEMO_EMP_027,Medium,In Progress
DEMO_EMP_007,Low,In Progress
DEMO_EMP_027,Low,Resolved
DEMO_EMP_004,Critical,Resolved
DEMO_EMP_016,Medium,In Progress
DEMO_EMP_015,Critical,Resolved
DEMO_EMP_010,Low,Resolved
DEMO_EMP_001,Medium,In Progress
DEMO_EMP_024,Medium,Resolved
DEMO_EMP_011,Medium,Resolved
DEMO_EMP_020,Low,In Progress
DEMO_EMP_013,Low,Resolved
DEMO_EMP_012,High,In Progress
DEMO_EMP_027,Medium,In Progress
DEMO_EMP_003,Medium,Resolved
DEMO_EMP_023,Medium,Resolved
DEMO_EMP_023,Medium,Resolved
DEMO_EMP_012,Medium,In Progress
DEMO_EMP_008,Low,Resolved
DEMO_EMP_001,Critical,Resolved
DEMO_EMP_029,High,Resolved
DEMO_EMP_029,High,Resolved
DEMO_EMP_008,Medium,Open
DEMO_EMP_001,Low,Resolved
DEMO_EMP_004,Critical,In Progress
DEMO_EMP_003,Medium,Resolved
DEMO_EMP_025,Low,Resolved
DEMO_EMP_027,Medium,In Progress
DEMO_EMP_005,High,Resolved
DEMO_EMP_023,Medium,Open
DEMO_EMP_006,High,Resolved
DEMO_EMP_012,High,Resolved
DEMO_EMP_018,Medium,Open
DEMO_EMP_022,Critical,Resolved
DEMO_EMP_027,Medium,Resolved
DEMO_EMP_002,Medium,Open
DEMO_EMP_006,Low,Resolved
DEMO_EMP_009,Critical,In Progress
DEMO_EMP_010,Medium,Resolved
DEMO_EMP_030,Low,Open
DEMO_EMP_024,Medium,Resolved
DEMO_EMP_010,Low,Resolved
DEMO_EMP_030,Low,In Progress
DEMO_EMP_015,Medium,In Progress
DEMO_EMP_016,Medium,Resolved
DEMO_EMP_014,Critical,Resolved
DEMO_EMP_005,Medium,Resolved
DEMO_EMP_029,High,In Progress
DEMO_EMP_001,Medium,Open
DEMO_EMP_006,Medium,Resolved
DEMO_EMP_007,Medium,Resolved
DEMO_EMP_009,Medium,Resolved
DEMO_EMP_004,Critical,Resolved
DEMO_EMP_001,Medium,Resolved
DEMO_EMP_021,Low,Open
DEMO_EMP_030,Medium,Open
DEMO_EMP_004,High,Resolved
DEMO_EMP_009,Low,Resolved
DEMO_EMP_016,Medium,In Progress
DEMO_EMP_028,High,In Progress
DEMO_EMP_021,High,Resolved
DEMO_EMP_023,Critical,Resolved
DEMO_EMP_018,Medium,In Progress
DEMO_EMP_013,Medium,Resolved
DEMO_EMP_006,Medium,In Progress
DEMO_EMP_026,Critical,Resolved
DEMO_EMP_025,Medium,Open
DEMO_EMP_001,High,Open
DEMO_EMP_022,Medium,Resolved
DEMO_EMP_003,Medium,In Progress
DEMO_EMP_023,High,Resolved
DEMO_EMP_025,Medium,Open
DEMO_EMP_004,High,Resolved
DEMO_EMP_014,Medium,Resolved
DEMO_EMP_004,Medium,Resolved
DEMO_EMP_018,Medium,Open
DEMO_EMP_028,Medium,In Progress
DEMO_EMP_003,Medium,In Progress
DEMO_EMP_012,Low,Resolved
DEMO_EMP_030,Low,In Progress
DEMO_EMP_010,Medium,Open
DEMO_EMP_004,Medium,In Progress
DEMO_EMP_015,Medium,In Progress
DEMO_EMP_016,Low,In Progress
DEMO_EMP_020,Medium,In Progress
DEMO_EMP_010,Low,In Progress
DEMO_EMP_029,High,Resolved
DEMO_EMP_016,High,In Progress
DEMO_EMP_009,Medium,In Progress
DEMO_EMP_029,Medium,Resolved
DEMO_EMP_028,Low,Resolved
DEMO_EMP_015,Medium,In Progress
DEMO_EMP_001,Low,Resolved
DEMO_EMP_018,Medium,Resolved
DEMO_EMP_017,Medium,Resolved
DEMO_EMP_005,High,Resolved
DEMO_EMP_020,Medium,Resolved
DEMO_EMP_026,Medium,Open
DEMO_EMP_004,High,Resolved
DEMO_EMP_022,Critical,Resolved
DEMO_EMP_005,Medium,Resolved
DEMO_EMP_023,Medium,Resolved
DEMO_EMP_013,Medium,Open
DEMO_EMP_001,Medium,Resolved
DEMO_EMP_029,Critical,Open
DEMO_EMP_005,Medium,Resolved
DEMO_EMP_018,Medium,Resolved
DEMO_EMP_006,Low,Resolved
DEMO_EMP_028,Medium,Resolved
DEMO_EMP_023,High,Resolved
DEMO_EMP_025,Medium,Resolved
DEMO_EMP_013,Medium,Resolved
DEMO_EMP_015,Critical,Resolved
DEMO_EMP_020,High,Resolved
DEMO_EMP_024,Medium,Open
DEMO_EMP_026,Medium,Resolved
DEMO_EMP_001,Medium,In Progress
DEMO_EMP_020,Medium,Resolved
DEMO_EMP_004,Medium,Resolved
DEMO_EMP_009,Medium,Resolved
DEMO_EMP_025,High,In Progress
DEMO_EMP_008,Critical,In Progress
DEMO_EMP_024,High,Resolved
DEMO_EMP_014,Critical,In Progress
DEMO_EMP_007,High,Open
DEMO_EMP_011,High,Resolved
DEMO_EMP_016,High,Resolved
DEMO_EMP_023,Medium,In Progress
DEMO_EMP_019,Medium,In Progress
DEMO_EMP_028,Medium,Resolved
DEMO_EMP_027,Medium,Resolved
DEMO_EMP_023,Medium,Resolved
DEMO_EMP_019,Medium,In Progress
DEMO_EMP_009,Medium,In Progress
DEMO_EMP_013,Medium,Open
DEMO_EMP_004,Medium,Resolved
DEMO_EMP_012,High,Open
DEMO_EMP_028,High,Open
DEMO_EMP_013,Low,Resolved
DEMO_EMP_004,Low,Resolved
DEMO_EMP_020,Medium,Resolved
DEMO_EMP_029,High,Resolved
DEMO_EMP_027,High,Resolved
DEMO_EMP_009,Low,Resolved
DEMO_EMP_014,High,In Progress
DEMO_EMP_016,Low,Resolved
DEMO_EMP_008,Medium,Resolved
DEMO_EMP_009,Critical,Resolved
DEMO_EMP_008,Low,Resolved
DEMO_EMP_030,Low,Resolved
DEMO_EMP_023,Medium,Open
DEMO_EMP_026,Medium,In Progress
DEMO_EMP_025,Critical,In Progress
DEMO_EMP_029,Critical,In Progress
DEMO_EMP_004,Low,In Progress
DEMO_EMP_027,Low,In Progress
DEMO_EMP_002,High,Resolved
DEMO_EMP_015,Medium,Resolved
DEMO_EMP_018,High,Resolved
DEMO_EMP_011,Medium,Open
DEMO_EMP_005,Low,Open
DEMO_EMP_006,High,Resolved
DEMO_EMP_025,Low,Open
DEMO_EMP_010,Medium,In Progress
DEMO_EMP_010,Medium,Resolved
DEMO_EMP_028,Medium,In Progress
DEMO_EMP_005,Medium,In Progress
DEMO_EMP_028,Medium,Resolved
DEMO_EMP_028,Critical,Resolved
DEMO_EMP_018,Critical,Resolved
DEMO_EMP_005,Medium,In Progress
DEMO_EMP_005,Low,Resolved
DEMO_EMP_009,High,Open
DEMO_EMP_018,Critical,Resolved
DEMO_EMP_005,Medium,Resolved
DEMO_EMP_014,Medium,Resolved
DEMO_EMP_004,Medium,In Progress
DEMO_EMP_017,Low,Resolved
DEMO_EMP_001,Medium,Open
DEMO_EMP_022,Medium,In Progress
DEMO_EMP_002,High,Open
DEMO_EMP_006,High,Resolved
DEMO_EMP_006,High,In Progress
DEMO_EMP_025,Medium,Resolved
DEMO_EMP_002,Medium,Open
DEMO_EMP_013,High,Resolved
DEMO_EMP_018,High,Resolved
DEMO_EMP_016,Medium,Open
DEMO_EMP_021,High,Open
DEMO_EMP_025,Low,Open
DEMO_EMP_012,High,Resolved
DEMO_EMP_025,Low,In Progress
DEMO_EMP_010,Low,Resolved
DEMO_EMP_030,Medium,Resolved
DEMO_EMP_016,Low,Resolved
DEMO_EMP_023,Low,Resolved
DEMO_EMP_027,Low,Resolved
DEMO_EMP_024,Medium,Resolved
DEMO_EMP_026,High,In Progress
DEMO_EMP_017,Low,Resolved
DEMO_EMP_002,Medium,Open
DEMO_EMP_015,High,Resolved
DEMO_EMP_006,Low,Resolved
DEMO_EMP_027,Low,Resolved
DEMO_EMP_008,High,Resolved
DEMO_EMP_007,High,In Progress
DEMO_EMP_008,Medium,Resolved
DEMO_EMP_020,High,In Progress
DEMO_EMP_018,Low,Resolved
DEMO_EMP_029,Medium,Resolved
DEMO_EMP_013,High,In Progress
DEMO_EMP_009,Medium,In Progress
DEMO_EMP_002,High,In Progress
DEMO_EMP_001,Medium,In Progress
DEMO_EMP_012,High,Open
DEMO_EMP_028,Medium,Resolved
DEMO_EMP_016,Medium,Resolved
DEMO_EMP_027,Medium,Open
DEMO_EMP_004,Medium,Resolved
DEMO_EMP_003,High,Resolved
DEMO_EMP_026,Low,In Progress
DEMO_EMP_004,Low,In Progress
DEMO_EMP_002,Low,Open
DEMO_EMP_013,Low,Open
DEMO_EMP_028,High,Resolved
DEMO_EMP_021,Medium,Resolved
DEMO_EMP_003,Critical,Open
DEMO_EMP_026,Low,Resolved
DEMO_EMP_026,Medium,Open
DEMO_EMP_025,Medium,Resolved
DEMO_EMP_028,Medium,Resolved
DEMO_EMP_008,High,In Progress
DEMO_EMP_030,Critical,Open
DEMO_EMP_010,High,Resolved
DEMO_EMP_025,Low,Resolved
DEMO_EMP_018,Medium,In Progress
DEMO_EMP_024,Medium,In Progress
DEMO_EMP_019,Medium,Open
DEMO_EMP_020,High,Resolved
DEMO_EMP_019,Medium,Resolved
DEMO_EMP_024,Medium,Resolved
DEMO_EMP_023,High,Resolved
DEMO_EMP_005,High,Resolved
DEMO_EMP_025,Low,Resolved
DEMO_EMP_017,Low,In Progress
DEMO_EMP_010,Medium,Resolved
DEMO_EMP_016,Medium,In Progress
DEMO_EMP_030,Medium,In Progress
DEMO_EMP_026,Medium,Resolved
DEMO_EMP_026,High,Resolved
DEMO_EMP_014,High,Resolved
DEMO_EMP_024,Medium,Resolved
DEMO_EMP_012,Medium,Resolved
DEMO_EMP_021,Medium,Resolved
DEMO_EMP_020,Medium,Open
DEMO_EMP_008,Medium,In Progress
DEMO_EMP_008,Medium,Resolved
DEMO_EMP_002,Medium,Open
DEMO_EMP_005,Low,Resolved
DEMO_EMP_014,Low,Open
DEMO_EMP_015,Medium,In Progress
DEMO_EMP_005,High,Resolved
DEMO_EMP_013,Medium,Open
DEMO_EMP_019,Low,Resolved
DEMO_EMP_007,High,Resolved
DEMO_EMP_011,Medium,Open
DEMO_EMP_012,Medium,Resolved
DEMO_EMP_016,Critical,Resolved
DEMO_EMP_011,Low,Resolved
DEMO_EMP_023,Medium,Resolved
DEMO_EMP_010,Medium,Resolved
DEMO_EMP_014,Low,Resolved
DEMO_EMP_012,Medium,In Progress
DEMO_EMP_006,Medium,Resolved
DEMO_EMP_021,Low,Resolved
DEMO_EMP_008,Medium,Resolved
DEMO_EMP_009,Medium,Resolved
DEMO_EMP_024,Low,Resolved
DEMO_EMP_029,Low,Resolved
DEMO_EMP_021,High,Resolved
DEMO_EMP_028,Medium,In Progress
DEMO_EMP_026,Medium,In Progress
DEMO_EMP_015,Low,Resolved
DEMO_EMP_024,Medium,Resolved
DEMO_EMP_010,Medium,Resolved
DEMO_EMP_014,Medium,Open
DEMO_EMP_017,Medium,Resolved
DEMO_EMP_029,High,Resolved
DEMO_EMP_026,Critical,Resolved
DEMO_EMP_015,Low,Resolved
DEMO_EMP_020,Low,Resolved
DEMO_EMP_007,Low,Resolved
DEMO_EMP_025,Medium,Resolved
DEMO_EMP_017,Low,Resolved
DEMO_EMP_016,High,Resolved
DEMO_EMP_023,High,Resolved
DEMO_EMP_019,High,Open
DEMO_EMP_003,Medium,In Progress
DEMO_EMP_009,Critical,Resolved
DEMO_EMP_006,Low,Resolved
DEMO_EMP_023,Medium,Resolved
DEMO_EMP_002,Medium,Open
DEMO_EMP_007,Critical,Resolved
DEMO_EMP_018,Medium,In Progress
DEMO_EMP_021,High,Resolved
DEMO_EMP_016,Low,Resolved
DEMO_EMP_026,Critical,Resolved
DEMO_EMP_028,Medium,Resolved
DEMO_EMP_004,Medium,In Progress
DEMO_EMP_029,Critical,Resolved
DEMO_EMP_019,Medium,Resolved
DEMO_EMP_020,Medium,Resolved
DEMO_EMP_003,Medium,Resolved
DEMO_EMP_019,Low,In Progress
DEMO_EMP_022,Medium,Open
DEMO_EMP_018,Low,Open
DEMO_EMP_003,Low,In Progress
DEMO_EMP_016,High,In Progress
DEMO_EMP_029,Medium,Resolved
DEMO_EMP_022,Medium,Resolved
DEMO_EMP_005,Medium,In Progress
DEMO_EMP_029,Medium,Open
DEMO_EMP_029,Medium,In Progress
DEMO_EMP_006,Critical,Resolved
DEMO_EMP_025,Critical,In Progress
DEMO_EMP_013,Medium,Resolved
DEMO_EMP_018,Medium,Resolved
DEMO_EMP_014,Medium,Open
DEMO_EMP_024,Medium,Resolved
DEMO_EMP_030,Medium,Resolved
DEMO_EMP_024,Medium,Resolved
DEMO_EMP_028,Medium,Open
DEMO_EMP_029,Medium,Resolved
DEMO_EMP_003,Medium,Resolved
DEMO_EMP_008,Medium,Resolved
DEMO_EMP_022,Low,Resolved
DEMO_EMP_018,Low,In Progress
DEMO_EMP_002,High,Resolved
DEMO_EMP_003,Medium,Resolved
DEMO_EMP_016,Medium,Open
DEMO_EMP_019,Medium,Resolved
DEMO_EMP_006,High,Resolved
DEMO_EMP_006,Medium,Resolved
DEMO_EMP_004,High,In Progress
DEMO_EMP_017,Critical,Open
DEMO_EMP_001,Medium,Resolved
DEMO_EMP_018,Medium,Resolved
DEMO_EMP_015,Low,Resolved
DEMO_EMP_014,Critical,Resolved
DEMO_EMP_021,Medium,Resolved
DEMO_EMP_016,Critical,Resolved
DEMO_EMP_022,Medium,Open
DEMO_EMP_023,Low,Open
DEMO_EMP_028,Low,In Progress
DEMO_EMP_024,Medium,Resolved
DEMO_EMP_016,Medium,Open
DEMO_EMP_015,Low,In Progress
DEMO_EMP_008,High,Resolved
DEMO_EMP_018,High,In Progress
DEMO_EMP_005,Medium,In Progress
DEMO_EMP_028,Medium,Resolved
DEMO_EMP_026,Low,In Progress
DEMO_EMP_004,High,Resolved
DEMO_EMP_024,Medium,Resolved
DEMO_EMP_004,High,In Progress
DEMO_EMP_022,Medium,Resolved
DEMO_EMP_003,Medium,Resolved
DEMO_EMP_015,Medium,Resolved
DEMO_EMP_020,Low,Resolved
DEMO_EMP_022,High,Resolved
DEMO_EMP_013,Medium,Resolved
DEMO_EMP_028,Medium,Resolved
DEMO_EMP_024,Critical,Open
DEMO_EMP_007,Critical,Resolved
DEMO_EMP_021,High,Resolved
DEMO_EMP_022,Low,Resolved
DEMO_EMP_011,Medium,In Progress
DEMO_EMP_023,High,Open
DEMO_EMP_027,Medium,Resolved
DEMO_EMP_025,Low,Resolved
DEMO_EMP_023,High,Resolved
DEMO_EMP_020,Medium,In Progress
DEMO_EMP_009,Medium,In Progress
DEMO_EMP_024,Critical,Resolved
DEMO_EMP_011,Medium,In Progress
DEMO_EMP_016,Medium,Resolved
DEMO_EMP_010,Medium,In Progress
DEMO_EMP_010,Medium,In Progress
DEMO_EMP_005,Low,In Progress
DEMO_EMP_029,High,Resolved
DEMO_EMP_005,High,Resolved
DEMO_EMP_003,Medium,Resolved
DEMO_EMP_029,Medium,Resolved
DEMO_EMP_017,High,In Progress
DEMO_EMP_014,Low,Resolved
DEMO_EMP_023,Medium,Open
DEMO_EMP_012,Medium,In Progress
DEMO_EMP_004,Medium,Resolved
DEMO_EMP_022,Low,Open
DEMO_EMP_006,Medium,Resolved
DEMO_EMP_017,Medium,Resolved
DEMO_EMP_029,Medium,Resolved
DEMO_EMP_029,Low,Resolved
DEMO_EMP_011,Medium,Resolved
DEMO_EMP_024,Medium,In Progress
DEMO_EMP_019,Medium,Open
DEMO_EMP_015,Low,Open
DEMO_EMP_005,Low,Resolved
DEMO_EMP_012,Medium,Resolved
DEMO_EMP_020,Low,Open
DEMO_EMP_030,Critical,Resolved
DEMO_EMP_001,Medium,Resolved
DEMO_EMP_022,High,Resolved
DEMO_EMP_026,Critical,Resolved
DEMO_EMP_029,Low,Resolved
DEMO_EMP_013,Medium,Resolved
DEMO_EMP_004,High,Resolved
DEMO_EMP_009,Medium,Open
DEMO_EMP_026,Medium,Resolved
DEMO_EMP_027,Medium,Open
DEMO_EMP_020,Low,Resolved
DEMO_EMP_004,Medium,Open
DEMO_EMP_004,Critical,In Progress
DEMO_EMP_015,Critical,Open
DEMO_EMP_018,Low,Resolved
DEMO_EMP_001,High,In Progress
DEMO_EMP_021,Medium,In Progress
DEMO_EMP_017,High,Resolved
DEMO_EMP_001,Low,Resolved
DEMO_EMP_003,Critical,Resolved
DEMO_EMP_014,High,Resolved
DEMO_EMP_022,Low,Resolved
DEMO_EMP_025,Low,Open
DEMO_EMP_013,High,In Progress
DEMO_EMP_009,Low,Resolved
DEMO_EMP_030,Medium,Open
DEMO_EMP_014,High,Resolved
DEMO_EMP_010,Medium,Resolved
DEMO_EMP_014,Medium,Resolved
DEMO_EMP_001,Medium,Resolved
DEMO_EMP_010,Low,Resolved
DEMO_EMP_016,Critical,Resolved
DEMO_EMP_028,Medium,Resolved
DEMO_EMP_023,Low,Open
DEMO_EMP_024,Medium,Open
DEMO_EMP_017,Critical,Resolved
DEMO_EMP_004,Low,In Progress
DEMO_EMP_012,High,Resolved
DEMO_EMP_030,High,In Progress
DEMO_EMP_002,High,Resolved
DEMO_EMP_027,Critical,Resolved
DEMO_EMP_021,High,Resolved
DEMO_EMP_009,Critical,Resolved
DEMO_EMP_024,Low,In Progress
DEMO_EMP_026,High,Resolved
DEMO_EMP_002,Medium,In Progress
DEMO_EMP_004,Medium,Resolved
DEMO_EMP_020,High,Resolved
DEMO_EMP_030,Critical,Resolved
DEMO_EMP_001,High,Resolved
DEMO_EMP_020,Medium,Resolved
DEMO_EMP_005,Medium,In Progress
DEMO_EMP_020,Medium,Resolved
DEMO_EMP_019,Medium,Resolved
DEMO_EMP_003,Medium,Resolved
DEMO_EMP_021,Low,Resolved
DEMO_EMP_027,Low,In Progress
DEMO_EMP_026,High,In Progress
DEMO_EMP_001,Medium,In Progress
DEMO_EMP_008,Critical,Open
DEMO_EMP_008,Medium,Resolved
DEMO_EMP_014,Low,Resolved
DEMO_EMP_005,Low,Resolved
DEMO_EMP_026,Medium,Resolved
DEMO_EMP_024,Critical,Resolved
DEMO_EMP_025,Medium,Resolved
DEMO_EMP_006,Medium,In Progress
DEMO_EMP_001,Critical,Resolved
DEMO_EMP_028,Critical,In Progress
DEMO_EMP_009,Medium,Resolved
DEMO_EMP_020,Low,Resolved
DEMO_EMP_028,Low,Resolved
DEMO_EMP_002,Low,Resolved
DEMO_EMP_001,Low,In Progress
DEMO_EMP_001,Medium,Resolved
DEMO_EMP_005,High,Resolved
DEMO_EMP_002,Medium,Resolved
DEMO_EMP_025,Medium,Resolved
DEMO_EMP_019,Medium,Resolved
DEMO_EMP_030,High,Resolved
DEMO_EMP_025,Medium,Resolved
DEMO_EMP_029,High,Resolved
DEMO_EMP_008,Critical,Resolved
DEMO_EMP_009,Medium,Resolved
DEMO_EMP_026,Low,Resolved
DEMO_EMP_008,Medium,In Progress
DEMO_EMP_002,Medium,Resolved
DEMO_EMP_021,Critical,Open
DEMO_EMP_025,Medium,In Progress
DEMO_EMP_030,High,Resolved
DEMO_EMP_028,Medium,In Progress
DEMO_EMP_004,Low,In Progress
DEMO_EMP_024,Medium,In Progress
DEMO_EMP_026,Medium,Resolved
DEMO_EMP_021,Medium,Resolved
DEMO_EMP_025,Medium,Resolved
DEMO_EMP_026,Medium,Open
DEMO_EMP_014,High,Resolved
DEMO_EMP_002,Low,Resolved
DEMO_EMP_014,Critical,Resolved
DEMO_EMP_007,Low,Resolved
DEMO_EMP_004,Low,In Progress
DEMO_EMP_004,Medium,Resolved
DEMO_EMP_021,Medium,Resolved
DEMO_EMP_016,Medium,Resolved
DEMO_EMP_017,Medium,Resolved
DEMO_EMP_023,Critical,Resolved
DEMO_EMP_017,Medium,Resolved
DEMO_EMP_019,Medium,In Progress
DEMO_EMP_003,Medium,Resolved
DEMO_EMP_026,Low,Resolved
DEMO_EMP_014,Medium,In Progress
DEMO_EMP_005,Medium,Resolved
DEMO_EMP_025,Medium,In Progress
DEMO_EMP_023,Low,Resolved
DEMO_EMP_002,Critical,In Progress
DEMO_EMP_006,Medium,Resolved
DEMO_EMP_001,High,In Progress
DEMO_EMP_009,Medium,Resolved
DEMO_EMP_003,Low,Resolved
DEMO_EMP_022,High,In Progress
DEMO_EMP_016,Medium,Resolved
DEMO_EMP_030,High,Resolved
DEMO_EMP_023,Medium,Resolved
DEMO_EMP_019,Medium,In Progress
DEMO_EMP_016,High,Resolved
DEMO_EMP_002,Medium,Open
DEMO_EMP_003,Medium,In Progress
DEMO_EMP_019,Medium,Resolved
DEMO_EMP_001,Medium,Resolved
DEMO_EMP_002,Critical,Resolved
DEMO_EMP_007,Medium,In Progress
DEMO_EMP_027,Medium,Resolved
DEMO_EMP_014,High,Resolved
DEMO_EMP_022,Medium,Resolved
DEMO_EMP_013,High,Resolved
DEMO_EMP_006,Medium,In Progress
DEMO_EMP_012,Medium,In Progress
DEMO_EMP_003,High,Resolved
DEMO_EMP_024,Low,Resolved
DEMO_EMP_006,Low,In Progress
DEMO_EMP_012,Medium,In Progress
DEMO_EMP_030,High,Open
DEMO_EMP_018,High,Resolved
DEMO_EMP_014,Medium,In Progress
DEMO_EMP_017,Low,Resolved
DEMO_EMP_024,Critical,Resolved
DEMO_EMP_008,Low,Open
DEMO_EMP_020,Low,Resolved
DEMO_EMP_027,Medium,Resolved
DEMO_EMP_018,Medium,Resolved
DEMO_EMP_014,High,In Progress
DEMO_EMP_005,High,Resolved
DEMO_EMP_008,High,In Progress
DEMO_EMP_029,Low,Resolved
DEMO_EMP_017,Medium,Resolved
DEMO_EMP_010,Medium,Open
DEMO_EMP_013,Low,In Progress
DEMO_EMP_018,Medium,Resolved
DEMO_EMP_017,Medium,Open
DEMO_EMP_021,Low,In Progress
DEMO_EMP_008,Medium,Resolved
DEMO_EMP_020,High,In Progress
DEMO_EMP_014,Low,In Progress
DEMO_EMP_029,Medium,Resolved
DEMO_EMP_005,High,In Progress
DEMO_EMP_005,High,Resolved
DEMO_EMP_014,High,Resolved
DEMO_EMP_016,Medium,Resolved
DEMO_EMP_021,High,Open
DEMO_EMP_013,Medium,Resolved
DEMO_EMP_028,Medium,In Progress
DEMO_EMP_015,Low,Resolved
DEMO_EMP_004,Medium,In Progress
DEMO_EMP_004,Medium,Resolved
DEMO_EMP_030,Medium,In Progress
DEMO_EMP_005,High,In Progress
DEMO_EMP_029,Medium,Resolved
DEMO_EMP_009,Medium,Open
DEMO_EMP_003,Low,In Progress
DEMO_EMP_010,Medium,Resolved
DEMO_EMP_019,Medium,Resolved
DEMO_EMP_013,Medium,Open
DEMO_EMP_024,Medium,Resolved
DEMO_EMP_019,High,Resolved
DEMO_EMP_013,Critical,Resolved
DEMO_EMP_020,Medium,Resolved
DEMO_EMP_030,Medium,Resolved
DEMO_EMP_013,High,Resolved
DEMO_EMP_005,Critical,Resolved
DEMO_EMP_013,Medium,Resolved
DEMO_EMP_026,High,Open
DEMO_EMP_007,High,In Progress
DEMO_EMP_029,High,Open
DEMO_EMP_018,Medium,Resolved
DEMO_EMP_019,Low,Resolved
DEMO_EMP_010,Low,Resolved
DEMO_EMP_028,Medium,Resolved
DEMO_EMP_002,Medium,Resolved
DEMO_EMP_009,Medium,In Progress
DEMO_EMP_013,Medium,Resolved
DEMO_EMP_015,Medium,Resolved
DEMO_EMP_015,High,Open
DEMO_EMP_005,Low,Resolved
DEMO_EMP_007,Medium,In Progress
DEMO_EMP_003,High,Resolved
DEMO_EMP_018,High,Resolved
DEMO_EMP_011,Critical,In Progress
DEMO_EMP_017,High,Open
DEMO_EMP_018,High,Open
DEMO_EMP_022,Medium,Open
DEMO_EMP_017,Medium,Resolved
DEMO_EMP_020,Medium,In Progress
DEMO_EMP_018,Medium,In Progress
DEMO_EMP_020,Critical,Resolved
DEMO_EMP_019,Medium,Resolved
DEMO_EMP_010,Medium,Resolved
DEMO_EMP_008,Medium,Resolved
DEMO_EMP_024,Low,In Progress
DEMO_EMP_011,Low,Resolved
DEMO_EMP_017,Low,Open
DEMO_EMP_006,Critical,Resolved
DEMO_EMP_013,Medium,Resolved
DEMO_EMP_016,High,Resolved
DEMO_EMP_019,Medium,Resolved
DEMO_EMP_016,Low,Resolved
DEMO_EMP_011,Low,In Progress
DEMO_EMP_029,High,Resolved
DEMO_EMP_016,Medium,Resolved
DEMO_EMP_025,High,Resolved
DEMO_EMP_023,Low,Resolved
DEMO_EMP_017,Medium,Open
DEMO_EMP_027,High,Resolved
DEMO_EMP_004,Medium,Open
DEMO_EMP_028,Medium,In Progress
DEMO_EMP_026,Critical,In Progress
DEMO_EMP_016,Medium,Resolved
DEMO_EMP_023,Medium,In Progress
DEMO_EMP_016,Medium,In Progress
DEMO_EMP_009,Medium,Open
DEMO_EMP_024,High,Resolved
DEMO_EMP_008,High,Resolved
DEMO_EMP_010,Medium,Open
DEMO_EMP_016,High,Open
DEMO_EMP_026,Medium,Resolved
DEMO_EMP_012,Low,In Progress
DEMO_EMP_015,Medium,Resolved
DEMO_EMP_002,Critical,Resolved
DEMO_EMP_004,Low,Resolved
DEMO_EMP_002,Medium,In Progress
DEMO_EMP_003,Medium,Resolved
DEMO_EMP_027,High,Open
DEMO_EMP_026,Low,Resolved
DEMO_EMP_025,Medium,Resolved
DEMO_EMP_002,High,Resolved
DEMO_EMP_003,Medium,Resolved
DEMO_EMP_009,Low,In Progress
DEMO_EMP_017,Low,Resolved
DEMO_EMP_011,Medium,Resolved
DEMO_EMP_015,Medium,In Progress
DEMO_EMP_006,High,Resolved
DEMO_EMP_022,Medium,Resolved
DEMO_EMP_010,Medium,Resolved
DEMO_EMP_002,Critical,Resolved
DEMO_EMP_023,Medium,Resolved
DEMO_EMP_028,Medium,Resolved
DEMO_EMP_001,Critical,In Progress
DEMO_EMP_014,Medium,In Progress
DEMO_EMP_025,High,Open
DEMO_EMP_022,High,Resolved
DEMO_EMP_026,Low,Resolved
DEMO_EMP_013,Medium,Resolved
DEMO_EMP_012,Medium,In Progress
DEMO_EMP_022,Low,In Progress
DEMO_EMP_005,Medium,Resolved
DEMO_EMP_008,Medium,In Progress
DEMO_EMP_019,High,Open
DEMO_EMP_021,High,Resolved
DEMO_EMP_004,High,In Progress
DEMO_EMP_016,Medium,In Progress
DEMO_EMP_011,Medium,Resolved
DEMO_EMP_016,Medium,Resolved
DEMO_EMP_029,Low,In Progress
DEMO_EMP_003,Critical,Resolved
DEMO_EMP_030,Medium,Resolved
DEMO_EMP_014,Medium,Resolved
DEMO_EMP_024,High,Resolved
DEMO_EMP_013,Medium,Resolved
DEMO_EMP_010,Low,Resolved
DEMO_EMP_024,Low,Resolved
DEMO_EMP_021,Medium,Resolved
DEMO_EMP_005,High,In Progress
DEMO_EMP_022,Medium,Open
DEMO_EMP_023,High,Resolved
DEMO_EMP_012,High,Open
DEMO_EMP_028,High,Resolved
DEMO_EMP_020,Medium,Resolved
DEMO_EMP_011,Low,Resolved
DEMO_EMP_001,High,Open
DEMO_EMP_021,Medium,Resolved
DEMO_EMP_007,Medium,Resolved
DEMO_EMP_023,High,Open
DEMO_EMP_016,Low,In Progress
DEMO_EMP_015,High,Open
DEMO_EMP_005,Critical,In Progress
DEMO_EMP_022,High,In Progress
DEMO_EMP_005,Medium,Resolved
DEMO_EMP_013,High,Resolved
DEMO_EMP_026,Medium,Open
DEMO_EMP_028,High,In Progress
DEMO_EMP_030,High,Open
DEMO_EMP_029,High,Resolved
DEMO_EMP_017,Medium,In Progress
DEMO_EMP_007,Low,Resolved
DEMO_EMP_026,Medium,In Progress
DEMO_EMP_025,Medium,Open
DEMO_EMP_030,Medium,Resolved
DEMO_EMP_020,Medium,Open
DEMO_EMP_005,Medium,Open
DEMO_EMP_016,High,Open
DEMO_EMP_014,High,Resolved
DEMO_EMP_026,Medium,Resolved
DEMO_EMP_012,High,Resolved
DEMO_EMP_010,Medium,Resolved
DEMO_EMP_003,Medium,Open
DEMO_EMP_026,Low,Resolved
DEMO_EMP_023,High,In Progress
DEMO_EMP_002,Critical,Resolved
DEMO_EMP_014,High,Resolved
DEMO_EMP_015,High,In Progress
DEMO_EMP_015,Critical,Resolved
DEMO_EMP_028,Medium,Open
DEMO_EMP_005,Medium,Resolved
DEMO_EMP_010,Medium,In Progress
DEMO_EMP_006,Critical,Resolved
DEMO_EMP_008,Low,Resolved
DEMO_EMP_028,Medium,Open
DEMO_EMP_029,High,Resolved
DEMO_EMP_002,Medium,Resolved
DEMO_EMP_019,High,Resolved
DEMO_EMP_007,Medium,Open
DEMO_EMP_006,Critical,Resolved
DEMO_EMP_009,High,Resolved
DEMO_EMP_006,Medium,Resolved
DEMO_EMP_015,High,In Progress
DEMO_EMP_030,Medium,In Progress
DEMO_EMP_018,Medium,Resolved
DEMO_EMP_022,Medium,Open
DEMO_EMP_015,High,Resolved
DEMO_EMP_001,Low,Resolved
DEMO_EMP_003,Medium,Open
DEMO_EMP_009,High,In Progress
DEMO_EMP_008,Medium,Resolved
DEMO_EMP_026,Medium,Open
DEMO_EMP_026,Low,Resolved
DEMO_EMP_026,Medium,Resolved
DEMO_EMP_020,High,Resolved
DEMO_EMP_017,Low,In Progress
DEMO_EMP_020,Medium,Resolved
DEMO_EMP_013,Critical,Resolved
DEMO_EMP_021,Low,In Progress
DEMO_EMP_024,High,Resolved
DEMO_EMP_023,Medium,Resolved
DEMO_EMP_019,High,Resolved
DEMO_EMP_002,High,Resolved
DEMO_EMP_022,High,In Progress
DEMO_EMP_011,Medium,Open
DEMO_EMP_023,Medium,In Progress
DEMO_EMP_017,High,Open
DEMO_EMP_027,Medium,Resolved
DEMO_EMP_011,Medium,In Progress
DEMO_EMP_028,Low,Resolved
DEMO_EMP_026,Critical,In Progress
DEMO_EMP_010,High,In Progress
DEMO_EMP_015,Medium,Resolved
DEMO_EMP_016,High,In Progress
DEMO_EMP_024,Medium,Resolved
DEMO_EMP_021,Medium,Resolved
DEMO_EMP_026,Medium,Resolved
DEMO_EMP_012,Medium,In Progress
DEMO_EMP_016,Medium,Resolved
DEMO_EMP_013,High,Open
DEMO_EMP_028,High,Resolved
DEMO_EMP_010,Medium,Resolved
DEMO_EMP_018,Medium,In Progress
DEMO_EMP_004,Low,In Progress
DEMO_EMP_026,Critical,Open
DEMO_EMP_012,High,In Progress
DEMO_EMP_011,Critical,Resolved
DEMO_EMP_018,Medium,Resolved
DEMO_EMP_015,Low,Resolved
DEMO_EMP_026,Medium,Open
DEMO_EMP_016,Low,Resolved
DEMO_EMP_016,Low,In Progress
DEMO_EMP_004,Low,Resolved
DEMO_EMP_001,Critical,In Progress
DEMO_EMP_012,Low,In Progress
DEMO_EMP_030,Low,Resolved
DEMO_EMP_028,High,In Progress
DEMO_EMP_019,Medium,Resolved
DEMO_EMP_019,High,Resolved
DEMO_EMP_012,Medium,Open
DEMO_EMP_006,High,Resolved
DEMO_EMP_001,Medium,Resolved
DEMO_EMP_011,Medium,Resolved
DEMO_EMP_010,High,Resolved
DEMO_EMP_006,Medium,Resolved
DEMO_EMP_008,Medium,Resolved
DEMO_EMP_001,Medium,Resolved
DEMO_EMP_019,Low,Resolved
DEMO_EMP_028,High,In Progress
DEMO_EMP_021,Medium,Open
DEMO_EMP_014,Low,Resolved
DEMO_EMP_013,Medium,Open
DEMO_EMP_010,High,In Progress
DEMO_EMP_005,Medium,Open
DEMO_EMP_018,Medium,Resolved
DEMO_EMP_017,High,In Progress
DEMO_EMP_001,Low,Resolved
DEMO_EMP_013,High,Resolved
DEMO_EMP_009,Medium,Resolved
DEMO_EMP_006,Medium,In Progress
DEMO_EMP_022,Medium,Resolved
DEMO_EMP_016,High,Resolved
DEMO_EMP_020,Medium,Resolved
DEMO_EMP_022,Medium,Resolved
DEMO_EMP_030,Medium,In Progress
DEMO_EMP_025,Medium,Resolved
DEMO_EMP_019,Medium,Open
